{"cameraMode":{"drawMode":2,"name":"Shaded Wireframe","section":"Shading Mode"},"sceneLighting":true,"audioPlay":false,"sceneViewState":{"showFog":true,"showMaterialUpdate":false,"showSkybox":true,"showFlares":true,"showImageEffects":true,"showParticleSystems":true},"in2DMode":false,"pivot":{"x":-0.0994432121515274,"y":2.9637551307678224,"z":-0.8439869284629822},"rotation":{"x":-0.5651541948318481,"y":0.05927570164203644,"z":-0.04076170176267624,"w":-0.8218427896499634},"size":5.445234775543213,"orthographic":false}