{"cameraMode":{"drawMode":2,"name":"Shaded Wireframe","section":"Shading Mode"},"sceneLighting":true,"audioPlay":false,"sceneViewState":{"showFog":true,"showMaterialUpdate":false,"showSkybox":true,"showFlares":true,"showImageEffects":true,"showParticleSystems":true},"in2DMode":false,"pivot":{"x":-1.1685082912445069,"y":-10.917703628540039,"z":10.59528923034668},"rotation":{"x":-0.3310795724391937,"y":0.016415560618042947,"z":-0.005761950276792049,"w":-0.9434424638748169},"size":14.16431713104248,"orthographic":true}